[
    {
        "input": "15\n8\n4\n7\n4\n7\n18\n11\n8\n10\n15\n16\n2\n12\n4\n1\n7\n11\n12\n1\n4\n10\n4\n5\n", 
        "score": 2, 
        "id": "1", 
        "output": "6\n"
    }, 
    {
        "input": "3\n0\n14\n5\n7\n7\n7\n19\n5\n17\n9\n5\n", 
        "score": 2, 
        "id": "2", 
        "output": "2\n"
    }, 
    {
        "input": "2\n10\n10\n17\n10\n18\n1\n0\n15\n0\n12\n9\n4\n3\n4\n8\n15\n14\n7\n4\n4\n", 
        "score": 2, 
        "id": "3", 
        "output": "2\n"
    }, 
    {
        "input": "14\n7\n1\n12\n5\n18\n4\n16\n7\n10\n1\n0\n6\n15\n7\n17\n1\n2\n12\n17\n12\n10\n0\n4\n16\n2\n1\n0\n5\n2\n14\n10\n10\n", 
        "score": 2, 
        "id": "4", 
        "output": "14\n"
    }, 
    {
        "input": "9\n6\n18\n11\n3\n16\n6\n6\n4\n7\n15\n16\n10\n17\n15\n4\n1\n19\n13\n0\n15\n11\n10\n16\n6\n15\n", 
        "score": 2, 
        "id": "5", 
        "output": "9\n"
    }, 
    {
        "input": "16\n9\n2\n11\n4\n12\n6\n10\n0\n8\n0\n6\n16\n6\n19\n11\n12\n6\n0\n0\n0\n14\n0\n11\n", 
        "score": 2, 
        "id": "6", 
        "output": "6\n"
    }, 
    {
        "input": "6\n15\n9\n8\n6\n6\n3\n1\n17\n", 
        "score": 2, 
        "id": "7", 
        "output": "1\n"
    }, 
    {
        "input": "11\n12\n13\n4\n5\n16\n5\n18\n12\n13\n15\n14\n15\n5\n11\n1\n2\n6\n16\n18\n4\n10\n8\n2\n12\n2\n5\n8\n", 
        "score": 2, 
        "id": "8", 
        "output": "10\n"
    }, 
    {
        "input": "6\n18\n3\n1\n7\n0\n19\n9\n4\n0\n9\n19\n17\n4\n16\n10\n11\n", 
        "score": 2, 
        "id": "9", 
        "output": "6\n"
    }, 
    {
        "input": "3\n2\n16\n17\n5\n5\n2\n17\n12\n17\n", 
        "score": 2, 
        "id": "10", 
        "output": "2\n"
    }, 
    {
        "input": "14\n11\n12\n14\n19\n11\n15\n0\n13\n4\n17\n9\n17\n9\n0\n7\n10\n3\n3\n5\n2\n3\n16\n", 
        "score": 2, 
        "id": "11", 
        "output": "7\n"
    }, 
    {
        "input": "12\n14\n7\n16\n18\n6\n16\n6\n5\n1\n2\n19\n16\n11\n11\n7\n1\n14\n9\n7\n3\n4\n4\n11\n16\n", 
        "score": 2, 
        "id": "12", 
        "output": "10\n"
    }, 
    {
        "input": "13\n5\n7\n8\n4\n12\n1\n16\n18\n15\n8\n12\n17\n10\n7\n6\n4\n9\n15\n0\n0\n12\n", 
        "score": 2, 
        "id": "13", 
        "output": "7\n"
    }, 
    {
        "input": "18\n3\n10\n0\n9\n3\n10\n8\n12\n5\n2\n19\n19\n0\n10\n12\n9\n0\n6\n9\n16\n12\n1\n10\n9\n14\n11\n13\n2\n", 
        "score": 2, 
        "id": "14", 
        "output": "9\n"
    }, 
    {
        "input": "7\n6\n18\n11\n5\n11\n3\n13\n10\n10\n6\n14\n15\n16\n17\n2\n6\n8\n0\n", 
        "score": 2, 
        "id": "15", 
        "output": "7\n"
    }, 
    {
        "input": "2\n3\n12\n2\n14\n1\n", 
        "score": 2, 
        "id": "16", 
        "output": "2\n"
    }, 
    {
        "input": "16\n14\n9\n10\n15\n18\n2\n19\n14\n15\n2\n16\n11\n14\n12\n18\n5\n13\n14\n12\n3\n8\n0\n19\n1\n19\n5\n2\n1\n1\n10\n", 
        "score": 2, 
        "id": "17", 
        "output": "13\n"
    }, 
    {
        "input": "12\n2\n19\n7\n13\n3\n18\n3\n11\n15\n2\n5\n7\n15\n17\n13\n1\n15\n19\n14\n11\n7\n0\n19\n19\n4\n17\n7\n5\n", 
        "score": 2, 
        "id": "18", 
        "output": "11\n"
    }, 
    {
        "input": "9\n13\n7\n9\n1\n6\n11\n15\n19\n5\n16\n9\n15\n4\n10\n2\n16\n3\n6\n7\n1\n5\n16\n0\n10\n9\n8\n", 
        "score": 2, 
        "id": "19", 
        "output": "8\n"
    }, 
    {
        "input": "18\n11\n8\n15\n16\n16\n10\n5\n5\n13\n9\n12\n18\n2\n5\n3\n16\n17\n16\n16\n11\n2\n1\n9\n6\n3\n9\n13\n19\n11\n4\n16\n14\n7\n15\n19\n", 
        "score": 2, 
        "id": "20", 
        "output": "16\n"
    }, 
    {
        "input": "14\n4\n19\n17\n15\n7\n3\n6\n11\n3\n6\n19\n16\n12\n0\n3\n6\n16\n13\n", 
        "score": 2, 
        "id": "21", 
        "output": "3\n"
    }, 
    {
        "input": "3\n5\n14\n9\n19\n19\n15\n2\n4\n12\n11\n11\n19\n14\n9\n18\n18\n11\n18\n3\n1\n1\n0\n18\n", 
        "score": 2, 
        "id": "22", 
        "output": "3\n"
    }, 
    {
        "input": "4\n5\n5\n15\n18\n19\n13\n8\n4\n4\n2\n8\n13\n19\n16\n15\n2\n0\n13\n2\n19\n19\n14\n17\n4\n", 
        "score": 2, 
        "id": "23", 
        "output": "4\n"
    }, 
    {
        "input": "8\n16\n2\n0\n18\n8\n5\n12\n17\n9\n0\n13\n6\n6\n3\n17\n14\n19\n0\n", 
        "score": 2, 
        "id": "24", 
        "output": "8\n"
    }, 
    {
        "input": "3\n11\n5\n14\n0\n", 
        "score": 2, 
        "id": "25", 
        "output": "0\n"
    }, 
    {
        "input": "11\n12\n7\n13\n1\n6\n16\n0\n18\n0\n12\n14\n17\n7\n18\n15\n19\n8\n12\n13\n15\n16\n12\n13\n12\n4\n8\n7\n9\n17\n", 
        "score": 2, 
        "id": "26", 
        "output": "11\n"
    }, 
    {
        "input": "17\n12\n19\n7\n10\n14\n1\n14\n17\n12\n9\n11\n4\n11\n18\n8\n6\n11\n6\n7\n1\n0\n6\n16\n13\n", 
        "score": 2, 
        "id": "27", 
        "output": "6\n"
    }, 
    {
        "input": "9\n17\n19\n11\n15\n13\n2\n13\n12\n14\n19\n4\n2\n2\n16\n5\n10\n0\n3\n10\n11\n10\n3\n11\n0\n14\n5\n13\n12\n3\n", 
        "score": 2, 
        "id": "28", 
        "output": "6\n"
    }, 
    {
        "input": "13\n14\n17\n18\n1\n12\n2\n15\n15\n8\n8\n7\n16\n1\n7\n7\n19\n6\n18\n14\n2\n0\n", 
        "score": 2, 
        "id": "29", 
        "output": "7\n"
    }, 
    {
        "input": "4\n11\n7\n13\n19\n2\n4\n1\n", 
        "score": 2, 
        "id": "30", 
        "output": "2\n"
    }, 
    {
        "input": "11\n15\n6\n13\n9\n4\n13\n19\n11\n3\n18\n10\n7\n9\n13\n13\n9\n8\n3\n15\n", 
        "score": 2, 
        "id": "31", 
        "output": "6\n"
    }, 
    {
        "input": "12\n19\n18\n6\n3\n18\n17\n17\n13\n2\n0\n3\n9\n3\n10\n6\n7\n", 
        "score": 2, 
        "id": "32", 
        "output": "3\n"
    }, 
    {
        "input": "2\n14\n19\n5\n6\n11\n3\n17\n13\n", 
        "score": 2, 
        "id": "33", 
        "output": "2\n"
    }, 
    {
        "input": "15\n3\n13\n4\n15\n12\n15\n5\n16\n18\n18\n1\n13\n5\n10\n1\n8\n5\n18\n6\n14\n12\n17\n14\n9\n", 
        "score": 2, 
        "id": "34", 
        "output": "7\n"
    }, 
    {
        "input": "6\n0\n14\n9\n11\n8\n2\n7\n14\n11\n3\n10\n5\n0\n6\n", 
        "score": 2, 
        "id": "35", 
        "output": "6\n"
    }, 
    {
        "input": "19\n7\n10\n2\n17\n9\n3\n7\n18\n3\n4\n2\n2\n16\n3\n15\n2\n18\n17\n5\n18\n14\n7\n8\n10\n6\n14\n16\n4\n11\n6\n17\n11\n5\n8\n16\n17\n17\n3\n", 
        "score": 2, 
        "id": "36", 
        "output": "17\n"
    }, 
    {
        "input": "14\n6\n12\n4\n2\n1\n11\n10\n8\n2\n10\n14\n11\n19\n7\n11\n12\n17\n15\n15\n5\n11\n10\n16\n16\n8\n13\n", 
        "score": 2, 
        "id": "37", 
        "output": "10\n"
    }, 
    {
        "input": "3\n0\n0\n19\n11\n1\n15\n8\n1\n5\n16\n4\n14\n8\n17\n0\n", 
        "score": 2, 
        "id": "38", 
        "output": "3\n"
    }, 
    {
        "input": "17\n1\n18\n13\n4\n4\n9\n5\n12\n5\n12\n12\n0\n8\n6\n9\n5\n18\n10\n16\n13\n17\n1\n19\n19\n7\n7\n9\n13\n", 
        "score": 2, 
        "id": "39", 
        "output": "10\n"
    }, 
    {
        "input": "18\n7\n18\n15\n16\n4\n14\n16\n10\n12\n11\n18\n11\n7\n12\n19\n7\n3\n7\n4\n6\n7\n16\n11\n", 
        "score": 2, 
        "id": "40", 
        "output": "3\n"
    }, 
    {
        "input": "12\n1\n0\n3\n1\n13\n11\n19\n12\n15\n0\n15\n1\n13\n17\n4\n0\n14\n10\n8\n11\n2\n3\n9\n15\n13\n12\n", 
        "score": 2, 
        "id": "41", 
        "output": "10\n"
    }, 
    {
        "input": "17\n0\n8\n4\n11\n3\n18\n15\n17\n2\n3\n12\n19\n15\n13\n13\n2\n18\n0\n", 
        "score": 2, 
        "id": "42", 
        "output": "0\n"
    }, 
    {
        "input": "9\n12\n13\n5\n2\n8\n9\n3\n1\n6\n1\n1\n", 
        "score": 2, 
        "id": "43", 
        "output": "1\n"
    }, 
    {
        "input": "5\n17\n16\n14\n4\n1\n15\n14\n2\n15\n13\n18\n13\n9\n6\n2\n10\n10\n8\n6\n3\n15\n", 
        "score": 2, 
        "id": "44", 
        "output": "5\n"
    }, 
    {
        "input": "14\n11\n16\n1\n6\n9\n14\n5\n18\n18\n1\n8\n5\n19\n10\n17\n7\n11\n18\n14\n8\n18\n19\n10\n7\n0\n9\n1\n16\n5\n0\n16\n6\n", 
        "score": 2, 
        "id": "45", 
        "output": "14\n"
    }, 
    {
        "input": "7\n9\n7\n8\n13\n19\n14\n14\n14\n9\n3\n8\n8\n0\n10\n1\n5\n5\n13\n10\n10\n14\n1\n", 
        "score": 2, 
        "id": "46", 
        "output": "6\n"
    }, 
    {
        "input": "5\n13\n1\n15\n3\n9\n5\n1\n8\n11\n9\n13\n", 
        "score": 2, 
        "id": "47", 
        "output": "5\n"
    }, 
    {
        "input": "15\n9\n4\n11\n17\n11\n3\n1\n10\n8\n11\n11\n7\n3\n1\n18\n0\n", 
        "score": 2, 
        "id": "48", 
        "output": "0\n"
    }, 
    {
        "input": "17\n19\n17\n2\n10\n16\n15\n19\n12\n12\n5\n9\n12\n17\n6\n7\n19\n18\n3\n13\n5\n1\n", 
        "score": 2, 
        "id": "49", 
        "output": "3\n"
    }, 
    {
        "input": "11\n8\n19\n9\n8\n8\n10\n6\n4\n17\n5\n6\n9\n2\n11\n19\n14\n0\n11\n14\n10\n18\n", 
        "score": 2, 
        "id": "50", 
        "output": "9\n"
    }
]