[
    {
        "input": "43242\n", 
        "score": 2, 
        "id": "1", 
        "output": "32768"
    }, 
    {
        "input": "26501\n", 
        "score": 2, 
        "id": "2", 
        "output": "16384"
    }, 
    {
        "input": "27535\n", 
        "score": 2, 
        "id": "3", 
        "output": "16384"
    }, 
    {
        "input": "90345\n", 
        "score": 2, 
        "id": "4", 
        "output": "65536"
    }, 
    {
        "input": "36162\n", 
        "score": 2, 
        "id": "5", 
        "output": "32768"
    }, 
    {
        "input": "26241\n", 
        "score": 2, 
        "id": "6", 
        "output": "16384"
    }, 
    {
        "input": "28035\n", 
        "score": 2, 
        "id": "7", 
        "output": "16384"
    }, 
    {
        "input": "35540\n", 
        "score": 2, 
        "id": "8", 
        "output": "32768"
    }, 
    {
        "input": "33869\n", 
        "score": 2, 
        "id": "9", 
        "output": "32768"
    }, 
    {
        "input": "49192\n", 
        "score": 2, 
        "id": "10", 
        "output": "32768"
    }, 
    {
        "input": "85409\n", 
        "score": 2, 
        "id": "11", 
        "output": "65536"
    }, 
    {
        "input": "10260\n", 
        "score": 2, 
        "id": "12", 
        "output": "8192"
    }, 
    {
        "input": "53044\n", 
        "score": 2, 
        "id": "13", 
        "output": "32768"
    }, 
    {
        "input": "32810\n", 
        "score": 2, 
        "id": "14", 
        "output": "32768"
    }, 
    {
        "input": "70228\n", 
        "score": 2, 
        "id": "15", 
        "output": "65536"
    }, 
    {
        "input": "43326\n", 
        "score": 2, 
        "id": "16", 
        "output": "32768"
    }, 
    {
        "input": "13356\n", 
        "score": 2, 
        "id": "17", 
        "output": "8192"
    }, 
    {
        "input": "23135\n", 
        "score": 2, 
        "id": "18", 
        "output": "16384"
    }, 
    {
        "input": "71040\n", 
        "score": 2, 
        "id": "19", 
        "output": "65536"
    }, 
    {
        "input": "52467\n", 
        "score": 2, 
        "id": "20", 
        "output": "32768"
    }, 
    {
        "input": "94162\n", 
        "score": 2, 
        "id": "21", 
        "output": "65536"
    }, 
    {
        "input": "56469\n", 
        "score": 2, 
        "id": "22", 
        "output": "32768"
    }, 
    {
        "input": "22983\n", 
        "score": 2, 
        "id": "23", 
        "output": "16384"
    }, 
    {
        "input": "96128\n", 
        "score": 2, 
        "id": "24", 
        "output": "65536"
    }, 
    {
        "input": "14184\n", 
        "score": 2, 
        "id": "25", 
        "output": "8192"
    }, 
    {
        "input": "13755\n", 
        "score": 2, 
        "id": "26", 
        "output": "8192"
    }, 
    {
        "input": "53499\n", 
        "score": 2, 
        "id": "27", 
        "output": "32768"
    }, 
    {
        "input": "51309\n", 
        "score": 2, 
        "id": "28", 
        "output": "32768"
    }, 
    {
        "input": "1789\n", 
        "score": 2, 
        "id": "29", 
        "output": "1024"
    }, 
    {
        "input": "35885\n", 
        "score": 2, 
        "id": "30", 
        "output": "32768"
    }, 
    {
        "input": "66005\n", 
        "score": 2, 
        "id": "31", 
        "output": "65536"
    }, 
    {
        "input": "33426\n", 
        "score": 2, 
        "id": "32", 
        "output": "32768"
    }, 
    {
        "input": "89237\n", 
        "score": 2, 
        "id": "33", 
        "output": "65536"
    }, 
    {
        "input": "91371\n", 
        "score": 2, 
        "id": "34", 
        "output": "65536"
    }, 
    {
        "input": "55186\n", 
        "score": 2, 
        "id": "35", 
        "output": "32768"
    }, 
    {
        "input": "89483\n", 
        "score": 2, 
        "id": "36", 
        "output": "65536"
    }, 
    {
        "input": "25881\n", 
        "score": 2, 
        "id": "37", 
        "output": "16384"
    }, 
    {
        "input": "41202\n", 
        "score": 2, 
        "id": "38", 
        "output": "32768"
    }, 
    {
        "input": "78163\n", 
        "score": 2, 
        "id": "39", 
        "output": "65536"
    }, 
    {
        "input": "73202\n", 
        "score": 2, 
        "id": "40", 
        "output": "65536"
    }, 
    {
        "input": "50562\n", 
        "score": 2, 
        "id": "41", 
        "output": "32768"
    }, 
    {
        "input": "97777\n", 
        "score": 2, 
        "id": "42", 
        "output": "65536"
    }, 
    {
        "input": "21261\n", 
        "score": 2, 
        "id": "43", 
        "output": "16384"
    }, 
    {
        "input": "67976\n", 
        "score": 2, 
        "id": "44", 
        "output": "65536"
    }, 
    {
        "input": "20536\n", 
        "score": 2, 
        "id": "45", 
        "output": "16384"
    }, 
    {
        "input": "90892\n", 
        "score": 2, 
        "id": "46", 
        "output": "65536"
    }, 
    {
        "input": "57692\n", 
        "score": 2, 
        "id": "47", 
        "output": "32768"
    }, 
    {
        "input": "64088\n", 
        "score": 2, 
        "id": "48", 
        "output": "32768"
    }, 
    {
        "input": "52294\n", 
        "score": 2, 
        "id": "49", 
        "output": "32768"
    }, 
    {
        "input": "51003\n", 
        "score": 2, 
        "id": "50", 
        "output": "32768"
    }
]
