[
    {
        "input": "6\n199\n2750\n1220\n2584\n2291\n1388\n", 
        "score": 2, 
        "id": "1", 
        "output": "39601\n7562500\n1488400\n6677056\n5248681\n1926544\n"
    }, 
    {
        "input": "8\n2685\n646\n350\n2263\n1780\n496\n2482\n2984\n", 
        "score": 2, 
        "id": "2", 
        "output": "7209225\n417316\n122500\n5121169\n3168400\n246016\n6160324\n8904256\n"
    }, 
    {
        "input": "1\n1357\n", 
        "score": 2, 
        "id": "3", 
        "output": "1841449\n"
    }, 
    {
        "input": "8\n2924\n2967\n2175\n1316\n1752\n1538\n1950\n2677\n", 
        "score": 2, 
        "id": "4", 
        "output": "8549776\n8803089\n4730625\n1731856\n3069504\n2365444\n3802500\n7166329\n"
    }, 
    {
        "input": "1\n789\n", 
        "score": 2, 
        "id": "5", 
        "output": "622521\n"
    }, 
    {
        "input": "10\n2523\n2003\n824\n1783\n2597\n2544\n226\n140\n2824\n682\n", 
        "score": 2, 
        "id": "6", 
        "output": "6365529\n4012009\n678976\n3179089\n6744409\n6471936\n51076\n19600\n7974976\n465124\n"
    }, 
    {
        "input": "2\n2547\n1232\n", 
        "score": 2, 
        "id": "7", 
        "output": "6487209\n1517824\n"
    }, 
    {
        "input": "9\n1721\n2864\n647\n418\n76\n360\n151\n2519\n668\n", 
        "score": 2, 
        "id": "8", 
        "output": "2961841\n8202496\n418609\n174724\n5776\n129600\n22801\n6345361\n446224\n"
    }, 
    {
        "input": "6\n2398\n1763\n2594\n2085\n347\n2927\n", 
        "score": 2, 
        "id": "9", 
        "output": "5750404\n3108169\n6728836\n4347225\n120409\n8567329\n"
    }, 
    {
        "input": "10\n1704\n245\n2941\n907\n128\n2140\n1007\n2960\n2824\n2996\n", 
        "score": 2, 
        "id": "10", 
        "output": "2903616\n60025\n8649481\n822649\n16384\n4579600\n1014049\n8761600\n7974976\n8976016\n"
    }, 
    {
        "input": "7\n567\n2004\n959\n1611\n2619\n743\n2409\n", 
        "score": 2, 
        "id": "11", 
        "output": "321489\n4016016\n919681\n2595321\n6859161\n552049\n5803281\n"
    }, 
    {
        "input": "1\n1710\n", 
        "score": 2, 
        "id": "12", 
        "output": "2924100\n"
    }, 
    {
        "input": "4\n872\n466\n1599\n2354\n", 
        "score": 2, 
        "id": "13", 
        "output": "760384\n217156\n2556801\n5541316\n"
    }, 
    {
        "input": "9\n383\n645\n752\n1134\n1063\n1511\n843\n2201\n2300\n", 
        "score": 2, 
        "id": "14", 
        "output": "146689\n416025\n565504\n1285956\n1129969\n2283121\n710649\n4844401\n5290000\n"
    }, 
    {
        "input": "6\n2083\n1024\n1391\n126\n1150\n2918\n", 
        "score": 2, 
        "id": "15", 
        "output": "4338889\n1048576\n1934881\n15876\n1322500\n8514724\n"
    }, 
    {
        "input": "7\n1296\n723\n2379\n1423\n2968\n2009\n793\n", 
        "score": 2, 
        "id": "16", 
        "output": "1679616\n522729\n5659641\n2024929\n8809024\n4036081\n628849\n"
    }, 
    {
        "input": "2\n2373\n715\n", 
        "score": 2, 
        "id": "17", 
        "output": "5631129\n511225\n"
    }, 
    {
        "input": "1\n1037\n", 
        "score": 2, 
        "id": "18", 
        "output": "1075369\n"
    }, 
    {
        "input": "1\n485\n", 
        "score": 2, 
        "id": "19", 
        "output": "235225\n"
    }, 
    {
        "input": "7\n201\n1256\n2235\n202\n1539\n1705\n751\n", 
        "score": 2, 
        "id": "20", 
        "output": "40401\n1577536\n4995225\n40804\n2368521\n2907025\n564001\n"
    }, 
    {
        "input": "6\n1934\n2406\n457\n2600\n2894\n2776\n", 
        "score": 2, 
        "id": "21", 
        "output": "3740356\n5788836\n208849\n6760000\n8375236\n7706176\n"
    }, 
    {
        "input": "2\n194\n1482\n", 
        "score": 2, 
        "id": "22", 
        "output": "37636\n2196324\n"
    }, 
    {
        "input": "9\n1956\n1169\n599\n1637\n1316\n1121\n2587\n1554\n1978\n", 
        "score": 2, 
        "id": "23", 
        "output": "3825936\n1366561\n358801\n2679769\n1731856\n1256641\n6692569\n2414916\n3912484\n"
    }, 
    {
        "input": "9\n2395\n2451\n158\n164\n900\n2760\n1908\n2252\n1850\n", 
        "score": 2, 
        "id": "24", 
        "output": "5736025\n6007401\n24964\n26896\n810000\n7617600\n3640464\n5071504\n3422500\n"
    }, 
    {
        "input": "3\n513\n2144\n106\n", 
        "score": 2, 
        "id": "25", 
        "output": "263169\n4596736\n11236\n"
    }, 
    {
        "input": "8\n304\n904\n2888\n363\n2456\n2005\n1124\n768\n", 
        "score": 2, 
        "id": "26", 
        "output": "92416\n817216\n8340544\n131769\n6031936\n4020025\n1263376\n589824\n"
    }, 
    {
        "input": "8\n2647\n477\n418\n2507\n2685\n2326\n2289\n934\n", 
        "score": 2, 
        "id": "27", 
        "output": "7006609\n227529\n174724\n6285049\n7209225\n5410276\n5239521\n872356\n"
    }, 
    {
        "input": "9\n1666\n2362\n849\n2508\n564\n378\n429\n175\n1740\n", 
        "score": 2, 
        "id": "28", 
        "output": "2775556\n5579044\n720801\n6290064\n318096\n142884\n184041\n30625\n3027600\n"
    }, 
    {
        "input": "4\n233\n935\n2624\n570\n", 
        "score": 2, 
        "id": "29", 
        "output": "54289\n874225\n6885376\n324900\n"
    }, 
    {
        "input": "6\n831\n1060\n2565\n1496\n2705\n441\n", 
        "score": 2, 
        "id": "30", 
        "output": "690561\n1123600\n6579225\n2238016\n7317025\n194481\n"
    }, 
    {
        "input": "9\n710\n504\n2582\n469\n1001\n619\n1578\n2298\n51\n", 
        "score": 2, 
        "id": "31", 
        "output": "504100\n254016\n6666724\n219961\n1002001\n383161\n2490084\n5280804\n2601\n"
    }, 
    {
        "input": "9\n941\n769\n514\n948\n1722\n819\n529\n1562\n142\n", 
        "score": 2, 
        "id": "32", 
        "output": "885481\n591361\n264196\n898704\n2965284\n670761\n279841\n2439844\n20164\n"
    }, 
    {
        "input": "6\n2384\n1109\n634\n363\n2092\n1901\n", 
        "score": 2, 
        "id": "33", 
        "output": "5683456\n1229881\n401956\n131769\n4376464\n3613801\n"
    }, 
    {
        "input": "9\n1042\n910\n1015\n1265\n1593\n67\n493\n335\n836\n", 
        "score": 2, 
        "id": "34", 
        "output": "1085764\n828100\n1030225\n1600225\n2537649\n4489\n243049\n112225\n698896\n"
    }, 
    {
        "input": "8\n2280\n941\n69\n511\n2468\n534\n334\n2188\n", 
        "score": 2, 
        "id": "35", 
        "output": "5198400\n885481\n4761\n261121\n6091024\n285156\n111556\n4787344\n"
    }, 
    {
        "input": "4\n1705\n2784\n2471\n401\n", 
        "score": 2, 
        "id": "36", 
        "output": "2907025\n7750656\n6105841\n160801\n"
    }, 
    {
        "input": "6\n1685\n2382\n1749\n985\n2698\n1840\n", 
        "score": 2, 
        "id": "37", 
        "output": "2839225\n5673924\n3059001\n970225\n7279204\n3385600\n"
    }, 
    {
        "input": "6\n2564\n2441\n609\n1142\n983\n2031\n", 
        "score": 2, 
        "id": "38", 
        "output": "6574096\n5958481\n370881\n1304164\n966289\n4124961\n"
    }, 
    {
        "input": "10\n1322\n1676\n2598\n853\n1095\n480\n746\n1655\n407\n471\n", 
        "score": 2, 
        "id": "39", 
        "output": "1747684\n2808976\n6749604\n727609\n1199025\n230400\n556516\n2739025\n165649\n221841\n"
    }, 
    {
        "input": "8\n2679\n118\n434\n590\n560\n1676\n1090\n2120\n", 
        "score": 2, 
        "id": "40", 
        "output": "7177041\n13924\n188356\n348100\n313600\n2808976\n1188100\n4494400\n"
    }, 
    {
        "input": "6\n9\n2172\n1363\n1765\n419\n751\n", 
        "score": 2, 
        "id": "41", 
        "output": "81\n4717584\n1857769\n3115225\n175561\n564001\n"
    }, 
    {
        "input": "4\n50\n548\n2772\n1115\n", 
        "score": 2, 
        "id": "42", 
        "output": "2500\n300304\n7683984\n1243225\n"
    }, 
    {
        "input": "2\n2923\n2826\n", 
        "score": 2, 
        "id": "43", 
        "output": "8543929\n7986276\n"
    }, 
    {
        "input": "5\n1132\n206\n824\n893\n2790\n", 
        "score": 2, 
        "id": "44", 
        "output": "1281424\n42436\n678976\n797449\n7784100\n"
    }, 
    {
        "input": "5\n2528\n1818\n2191\n550\n2359\n", 
        "score": 2, 
        "id": "45", 
        "output": "6390784\n3305124\n4800481\n302500\n5564881\n"
    }, 
    {
        "input": "1\n2350\n", 
        "score": 2, 
        "id": "46", 
        "output": "5522500\n"
    }, 
    {
        "input": "5\n776\n2776\n1812\n783\n1967\n", 
        "score": 2, 
        "id": "47", 
        "output": "602176\n7706176\n3283344\n613089\n3869089\n"
    }, 
    {
        "input": "8\n1554\n1885\n1632\n1644\n747\n2896\n2835\n20\n", 
        "score": 2, 
        "id": "48", 
        "output": "2414916\n3553225\n2663424\n2702736\n558009\n8386816\n8037225\n400\n"
    }, 
    {
        "input": "9\n2079\n1506\n170\n1872\n596\n582\n2136\n1946\n255\n", 
        "score": 2, 
        "id": "49", 
        "output": "4322241\n2268036\n28900\n3504384\n355216\n338724\n4562496\n3786916\n65025\n"
    }, 
    {
        "input": "1\n1823\n", 
        "score": 2, 
        "id": "50", 
        "output": "3323329\n"
    }
]