[
    {
        "input": "36027\n", 
        "score": 2, 
        "id": "1", 
        "output": "720\n2\n1\n1\n0\n"
    }, 
    {
        "input": "121690\n", 
        "score": 2, 
        "id": "2", 
        "output": "2433\n4\n0\n0\n0\n"
    }, 
    {
        "input": "116974\n", 
        "score": 2, 
        "id": "3", 
        "output": "2339\n2\n0\n2\n0\n"
    }, 
    {
        "input": "183095\n", 
        "score": 2, 
        "id": "4", 
        "output": "3661\n4\n1\n0\n0\n"
    }, 
    {
        "input": "29378\n", 
        "score": 2, 
        "id": "5", 
        "output": "587\n2\n1\n1\n1\n"
    }, 
    {
        "input": "179384\n", 
        "score": 2, 
        "id": "6", 
        "output": "3587\n3\n0\n2\n0\n"
    }, 
    {
        "input": "80816\n", 
        "score": 2, 
        "id": "7", 
        "output": "1616\n1\n1\n0\n1\n"
    }, 
    {
        "input": "132769\n", 
        "score": 2, 
        "id": "8", 
        "output": "2655\n1\n1\n2\n0\n"
    }, 
    {
        "input": "18777\n", 
        "score": 2, 
        "id": "9", 
        "output": "375\n2\n1\n1\n0\n"
    }, 
    {
        "input": "9256\n", 
        "score": 2, 
        "id": "10", 
        "output": "185\n0\n1\n0\n1\n"
    }, 
    {
        "input": "171347\n", 
        "score": 2, 
        "id": "11", 
        "output": "3426\n4\n1\n1\n0\n"
    }, 
    {
        "input": "25019\n", 
        "score": 2, 
        "id": "12", 
        "output": "500\n1\n1\n2\n0\n"
    }, 
    {
        "input": "50758\n", 
        "score": 2, 
        "id": "13", 
        "output": "1015\n0\n1\n1\n1\n"
    }, 
    {
        "input": "58168\n", 
        "score": 2, 
        "id": "14", 
        "output": "1163\n1\n1\n1\n1\n"
    }, 
    {
        "input": "123195\n", 
        "score": 2, 
        "id": "15", 
        "output": "2463\n4\n1\n0\n0\n"
    }, 
    {
        "input": "191779\n", 
        "score": 2, 
        "id": "16", 
        "output": "3835\n2\n1\n2\n0\n"
    }, 
    {
        "input": "144656\n", 
        "score": 2, 
        "id": "17", 
        "output": "2893\n0\n1\n0\n1\n"
    }, 
    {
        "input": "180823\n", 
        "score": 2, 
        "id": "18", 
        "output": "3616\n2\n0\n1\n1\n"
    }, 
    {
        "input": "184611\n", 
        "score": 2, 
        "id": "19", 
        "output": "3692\n1\n0\n0\n1\n"
    }, 
    {
        "input": "96825\n", 
        "score": 2, 
        "id": "20", 
        "output": "1936\n2\n1\n0\n0\n"
    }, 
    {
        "input": "69228\n", 
        "score": 2, 
        "id": "21", 
        "output": "1384\n2\n1\n1\n1\n"
    }, 
    {
        "input": "50885\n", 
        "score": 2, 
        "id": "22", 
        "output": "1017\n3\n1\n0\n0\n"
    }, 
    {
        "input": "165293\n", 
        "score": 2, 
        "id": "23", 
        "output": "3305\n4\n0\n1\n1\n"
    }, 
    {
        "input": "69501\n", 
        "score": 2, 
        "id": "24", 
        "output": "1390\n0\n0\n0\n1\n"
    }, 
    {
        "input": "75055\n", 
        "score": 2, 
        "id": "25", 
        "output": "1501\n0\n1\n0\n0\n"
    }, 
    {
        "input": "90829\n", 
        "score": 2, 
        "id": "26", 
        "output": "1816\n2\n1\n2\n0\n"
    }, 
    {
        "input": "45428\n", 
        "score": 2, 
        "id": "27", 
        "output": "908\n2\n1\n1\n1\n"
    }, 
    {
        "input": "115219\n", 
        "score": 2, 
        "id": "28", 
        "output": "2304\n1\n1\n2\n0\n"
    }, 
    {
        "input": "199869\n", 
        "score": 2, 
        "id": "29", 
        "output": "3997\n1\n1\n2\n0\n"
    }, 
    {
        "input": "184243\n", 
        "score": 2, 
        "id": "30", 
        "output": "3684\n4\n0\n1\n1\n"
    }, 
    {
        "input": "122370\n", 
        "score": 2, 
        "id": "31", 
        "output": "2447\n2\n0\n0\n0\n"
    }, 
    {
        "input": "135149\n", 
        "score": 2, 
        "id": "32", 
        "output": "2702\n4\n1\n2\n0\n"
    }, 
    {
        "input": "120256\n", 
        "score": 2, 
        "id": "33", 
        "output": "2405\n0\n1\n0\n1\n"
    }, 
    {
        "input": "39169\n", 
        "score": 2, 
        "id": "34", 
        "output": "783\n1\n1\n2\n0\n"
    }, 
    {
        "input": "60253\n", 
        "score": 2, 
        "id": "35", 
        "output": "1205\n0\n0\n1\n1\n"
    }, 
    {
        "input": "166095\n", 
        "score": 2, 
        "id": "36", 
        "output": "3321\n4\n1\n0\n0\n"
    }, 
    {
        "input": "162302\n", 
        "score": 2, 
        "id": "37", 
        "output": "3246\n0\n0\n1\n0\n"
    }, 
    {
        "input": "35783\n", 
        "score": 2, 
        "id": "38", 
        "output": "715\n3\n0\n1\n1\n"
    }, 
    {
        "input": "7187\n", 
        "score": 2, 
        "id": "39", 
        "output": "143\n3\n1\n1\n0\n"
    }, 
    {
        "input": "85516\n", 
        "score": 2, 
        "id": "40", 
        "output": "1710\n1\n1\n0\n1\n"
    }, 
    {
        "input": "96710\n", 
        "score": 2, 
        "id": "41", 
        "output": "1934\n1\n0\n0\n0\n"
    }, 
    {
        "input": "15963\n", 
        "score": 2, 
        "id": "42", 
        "output": "319\n1\n0\n1\n1\n"
    }, 
    {
        "input": "172694\n", 
        "score": 2, 
        "id": "43", 
        "output": "3453\n4\n0\n2\n0\n"
    }, 
    {
        "input": "117012\n", 
        "score": 2, 
        "id": "44", 
        "output": "2340\n1\n0\n1\n0\n"
    }, 
    {
        "input": "102017\n", 
        "score": 2, 
        "id": "45", 
        "output": "2040\n1\n1\n1\n0\n"
    }, 
    {
        "input": "142182\n", 
        "score": 2, 
        "id": "46", 
        "output": "2843\n3\n0\n1\n0\n"
    }, 
    {
        "input": "135550\n", 
        "score": 2, 
        "id": "47", 
        "output": "2711\n0\n0\n0\n0\n"
    }, 
    {
        "input": "1717\n", 
        "score": 2, 
        "id": "48", 
        "output": "34\n1\n1\n1\n0\n"
    }, 
    {
        "input": "96409\n", 
        "score": 2, 
        "id": "49", 
        "output": "1928\n0\n1\n2\n0\n"
    }, 
    {
        "input": "5991\n", 
        "score": 2, 
        "id": "50", 
        "output": "119\n4\n0\n0\n1\n"
    }
]