[
    {
        "input": "3572375 0.421000\n", 
        "score": 2, 
        "id": "1", 
        "output": "2 5\n"
    }, 
    {
        "input": "8346918 0.851000\n", 
        "score": 2, 
        "id": "2", 
        "output": "1 2\n"
    }, 
    {
        "input": "6456413 0.061000\n", 
        "score": 2, 
        "id": "3", 
        "output": "12 37\n"
    }, 
    {
        "input": "4788269 0.811000\n", 
        "score": 2, 
        "id": "4", 
        "output": "1 2\n"
    }, 
    {
        "input": "4256159 0.081000\n", 
        "score": 2, 
        "id": "5", 
        "output": "9 28\n"
    }, 
    {
        "input": "4586899 0.761000\n", 
        "score": 2, 
        "id": "6", 
        "output": "1 2\n"
    }, 
    {
        "input": "8868661 0.391000\n", 
        "score": 2, 
        "id": "7", 
        "output": "2 5\n"
    }, 
    {
        "input": "5159639 0.211000\n", 
        "score": 2, 
        "id": "8", 
        "output": "3 10\n"
    }, 
    {
        "input": "7744585 0.331000\n", 
        "score": 2, 
        "id": "9", 
        "output": "2 6\n"
    }, 
    {
        "input": "9717996 0.631000\n", 
        "score": 2, 
        "id": "10", 
        "output": "1 3\n"
    }, 
    {
        "input": "5730654 0.311000\n", 
        "score": 2, 
        "id": "11", 
        "output": "2 7\n"
    }, 
    {
        "input": "2263617 0.391000\n", 
        "score": 2, 
        "id": "12", 
        "output": "2 5\n"
    }, 
    {
        "input": "2397286 0.081000\n", 
        "score": 2, 
        "id": "13", 
        "output": "9 28\n"
    }, 
    {
        "input": "7335281 0.361000\n", 
        "score": 2, 
        "id": "14", 
        "output": "2 6\n"
    }, 
    {
        "input": "9400970 0.461000\n", 
        "score": 2, 
        "id": "15", 
        "output": "2 4\n"
    }, 
    {
        "input": "1024934 0.351000\n", 
        "score": 2, 
        "id": "16", 
        "output": "2 6\n"
    }, 
    {
        "input": "4136429 0.321000\n", 
        "score": 2, 
        "id": "17", 
        "output": "2 6\n"
    }, 
    {
        "input": "7530409 0.171000\n", 
        "score": 2, 
        "id": "18", 
        "output": "4 13\n"
    }, 
    {
        "input": "4891344 0.831000\n", 
        "score": 2, 
        "id": "19", 
        "output": "1 2\n"
    }, 
    {
        "input": "2244547 0.031000\n", 
        "score": 2, 
        "id": "20", 
        "output": "23 74\n"
    }, 
    {
        "input": "5549090 0.641000\n", 
        "score": 2, 
        "id": "21", 
        "output": "1 3\n"
    }, 
    {
        "input": "3949247 0.141000\n", 
        "score": 2, 
        "id": "22", 
        "output": "5 16\n"
    }, 
    {
        "input": "1109282 0.081000\n", 
        "score": 2, 
        "id": "23", 
        "output": "9 28\n"
    }, 
    {
        "input": "6280569 0.381000\n", 
        "score": 2, 
        "id": "24", 
        "output": "2 5\n"
    }, 
    {
        "input": "1944102 0.601000\n", 
        "score": 2, 
        "id": "25", 
        "output": "1 3\n"
    }, 
    {
        "input": "4533646 0.401000\n", 
        "score": 2, 
        "id": "26", 
        "output": "2 5\n"
    }, 
    {
        "input": "3389845 0.041000\n", 
        "score": 2, 
        "id": "27", 
        "output": "17 56\n"
    }, 
    {
        "input": "5777952 0.621000\n", 
        "score": 2, 
        "id": "28", 
        "output": "1 3\n"
    }, 
    {
        "input": "4755605 0.521000\n", 
        "score": 2, 
        "id": "29", 
        "output": "1 4\n"
    }, 
    {
        "input": "9864981 0.111000\n", 
        "score": 2, 
        "id": "30", 
        "output": "6 20\n"
    }, 
    {
        "input": "3462730 0.451000\n", 
        "score": 2, 
        "id": "31", 
        "output": "2 4\n"
    }, 
    {
        "input": "8607077 0.321000\n", 
        "score": 2, 
        "id": "32", 
        "output": "2 6\n"
    }, 
    {
        "input": "2818768 0.101000\n", 
        "score": 2, 
        "id": "33", 
        "output": "7 22\n"
    }, 
    {
        "input": "2822311 0.851000\n", 
        "score": 2, 
        "id": "34", 
        "output": "1 2\n"
    }, 
    {
        "input": "5868878 0.021000\n", 
        "score": 2, 
        "id": "35", 
        "output": "33 109\n"
    }, 
    {
        "input": "229339 0.871000\n", 
        "score": 2, 
        "id": "36", 
        "output": "1 2\n"
    }, 
    {
        "input": "2294004 0.241000\n", 
        "score": 2, 
        "id": "37", 
        "output": "3 9\n"
    }, 
    {
        "input": "7317434 0.871000\n", 
        "score": 2, 
        "id": "38", 
        "output": "1 2\n"
    }, 
    {
        "input": "2181331 0.091000\n", 
        "score": 2, 
        "id": "39", 
        "output": "8 25\n"
    }, 
    {
        "input": "9319926 0.321000\n", 
        "score": 2, 
        "id": "40", 
        "output": "2 6\n"
    }, 
    {
        "input": "7055101 0.451000\n", 
        "score": 2, 
        "id": "41", 
        "output": "2 4\n"
    }, 
    {
        "input": "4305984 0.661000\n", 
        "score": 2, 
        "id": "42", 
        "output": "1 3\n"
    }, 
    {
        "input": "9055147 0.061000\n", 
        "score": 2, 
        "id": "43", 
        "output": "12 37\n"
    }, 
    {
        "input": "8751500 0.451000\n", 
        "score": 2, 
        "id": "44", 
        "output": "2 4\n"
    }, 
    {
        "input": "8131417 0.841000\n", 
        "score": 2, 
        "id": "45", 
        "output": "1 2\n"
    }, 
    {
        "input": "7688662 0.151000\n", 
        "score": 2, 
        "id": "46", 
        "output": "5 15\n"
    }, 
    {
        "input": "9053675 0.851000\n", 
        "score": 2, 
        "id": "47", 
        "output": "1 2\n"
    }, 
    {
        "input": "3047631 0.311000\n", 
        "score": 2, 
        "id": "48", 
        "output": "2 7\n"
    }, 
    {
        "input": "5287304 0.481000\n", 
        "score": 2, 
        "id": "49", 
        "output": "2 4\n"
    }, 
    {
        "input": "4609791 0.561000\n", 
        "score": 2, 
        "id": "50", 
        "output": "1 3\n"
    }
]