[
    {
        "input": "89 4 13\n35 2 38 2 2\n65 1 78 1 8\n8 2 60 3 13\n1 2 5 3 12\n9 2 88 4 4\n3 4 20 4 5\n1 1 1 3 6\n15 1 19 1 12\n24 2 25 2 5\n4 1 85 1 3\n4 1 41 4 3\n1 2 2 3 11\n6 1 10 1 2\n", 
        "score": 2, 
        "id": "1", 
        "output": "8"
    }, 
    {
        "input": "98 83 8\n7 52 16 64 2\n47 23 60 37 6\n29 18 59 83 4\n67 11 71 39 1\n1 21 4 29 7\n56 6 97 38 8\n1 13 6 27 6\n34 2 80 6 3\n", 
        "score": 2, 
        "id": "2", 
        "output": "8"
    }, 
    {
        "input": "32 52 0\n", 
        "score": 2, 
        "id": "3", 
        "output": "1"
    }, 
    {
        "input": "42 11 16\n1 6 2 7 2\n11 2 32 7 14\n2 2 3 6 4\n2 3 29 11 9\n9 4 18 6 7\n27 4 27 11 16\n1 4 6 11 14\n4 5 10 9 11\n14 5 16 5 9\n31 6 32 10 3\n11 3 18 3 5\n3 5 10 6 2\n6 3 10 5 1\n5 2 6 3 2\n3 6 13 10 15\n5 1 10 3 7\n", 
        "score": 2, 
        "id": "4", 
        "output": "11"
    }, 
    {
        "input": "9 88 0\n", 
        "score": 2, 
        "id": "5", 
        "output": "1"
    }, 
    {
        "input": "75 51 19\n47 6 59 10 11\n1 9 11 49 8\n41 5 63 21 2\n1 5 2 31 10\n9 4 12 37 8\n3 3 6 5 2\n13 27 30 28 5\n42 3 43 11 17\n44 11 55 37 3\n29 12 38 48 15\n38 25 39 44 2\n47 11 49 51 17\n22 25 31 39 14\n5 34 6 40 19\n21 32 25 49 15\n16 4 43 15 4\n33 11 38 16 19\n4 3 10 3 18\n25 31 58 33 19\n", 
        "score": 2, 
        "id": "6", 
        "output": "12"
    }, 
    {
        "input": "62 14 0\n", 
        "score": 2, 
        "id": "7", 
        "output": "1"
    }, 
    {
        "input": "75 29 10\n47 4 59 4 4\n1 25 11 25 2\n41 12 63 14 4\n1 11 2 26 7\n9 10 12 15 3\n3 2 6 2 6\n13 10 30 13 10\n42 2 43 6 3\n44 20 55 25 5\n29 3 38 21 1\n", 
        "score": 2, 
        "id": "8", 
        "output": "9"
    }, 
    {
        "input": "14 75 12\n1 20 2 28 6\n3 10 4 43 2\n2 26 3 66 12\n1 37 1 52 5\n1 19 4 43 3\n3 56 13 74 8\n1 4 6 73 6\n4 4 10 32 11\n2 2 2 22 9\n3 66 4 75 7\n3 5 4 17 9\n3 2 10 21 2\n", 
        "score": 2, 
        "id": "9", 
        "output": "7"
    }, 
    {
        "input": "67 77 3\n7 68 20 73 3\n8 70 31 73 2\n32 12 54 28 3\n", 
        "score": 2, 
        "id": "10", 
        "output": "3"
    }, 
    {
        "input": "73 1 16\n67 1 68 1 2\n3 1 4 1 14\n68 1 72 1 4\n25 1 42 1 9\n9 1 33 1 7\n27 1 36 1 16\n63 1 67 1 14\n2 1 42 1 11\n26 1 58 1 9\n6 1 9 1 3\n27 1 38 1 5\n17 1 23 1 2\n18 1 46 1 1\n20 1 21 1 2\n4 1 4 1 15\n15 1 20 1 7\n", 
        "score": 2, 
        "id": "11", 
        "output": "10"
    }, 
    {
        "input": "86 35 11\n7 2 10 3 2\n65 1 78 3 2\n48 5 61 21 8\n27 1 79 2 1\n9 4 30 13 5\n8 2 23 14 11\n19 13 44 18 8\n2 14 14 22 11\n82 3 84 27 1\n55 6 68 10 7\n7 3 16 22 8\n", 
        "score": 2, 
        "id": "12", 
        "output": "7"
    }, 
    {
        "input": "28 10 0\n", 
        "score": 2, 
        "id": "13", 
        "output": "1"
    }, 
    {
        "input": "47 99 0\n", 
        "score": 2, 
        "id": "14", 
        "output": "1"
    }, 
    {
        "input": "8 63 2\n7 6 8 10 2\n3 18 8 31 2\n", 
        "score": 2, 
        "id": "15", 
        "output": "2"
    }, 
    {
        "input": "90 67 5\n73 6 74 14 4\n13 16 26 63 2\n8 1 33 1 4\n32 17 77 28 2\n9 31 72 53 3\n", 
        "score": 2, 
        "id": "16", 
        "output": "4"
    }, 
    {
        "input": "4 50 5\n3 20 4 28 4\n3 10 4 43 2\n2 7 3 41 4\n1 26 3 27 2\n1 16 4 18 3\n", 
        "score": 2, 
        "id": "17", 
        "output": "4"
    }, 
    {
        "input": "19 49 7\n2 4 3 38 2\n2 10 9 24 4\n2 5 2 7 7\n10 9 11 23 3\n9 4 11 6 3\n3 30 13 49 6\n1 23 7 46 4\n", 
        "score": 2, 
        "id": "18", 
        "output": "6"
    }, 
    {
        "input": "27 30 20\n7 20 20 28 14\n13 2 26 13 2\n20 5 24 21 4\n1 3 5 7 17\n9 10 9 28 3\n9 2 9 14 16\n1 10 6 13 10\n2 5 4 17 3\n24 2 25 22 5\n4 6 5 15 11\n2 1 3 2 17\n1 2 1 21 2\n7 13 7 15 17\n8 4 9 10 18\n14 3 19 13 15\n11 4 16 15 11\n1 1 8 7 9\n8 3 13 12 20\n5 19 16 27 20\n7 5 20 7 20\n", 
        "score": 2, 
        "id": "19", 
        "output": "13"
    }, 
    {
        "input": "99 68 4\n10 6 29 10 2\n57 9 71 49 2\n20 15 42 55 4\n1 5 5 31 1\n", 
        "score": 2, 
        "id": "20", 
        "output": "4"
    }, 
    {
        "input": "63 37 2\n1 2 2 6 2\n8 10 53 16 2\n", 
        "score": 2, 
        "id": "21", 
        "output": "2"
    }, 
    {
        "input": "10 91 13\n3 4 4 38 2\n5 12 6 17 8\n2 12 3 14 13\n4 11 7 37 12\n1 4 2 69 4\n1 44 1 56 5\n3 58 10 67 6\n2 27 8 71 12\n4 57 10 69 5\n7 30 8 66 3\n3 1 4 1 3\n3 17 4 33 11\n4 76 6 89 2\n", 
        "score": 2, 
        "id": "22", 
        "output": "8"
    }, 
    {
        "input": "99 52 19\n10 4 29 38 11\n57 12 71 17 8\n20 8 42 27 2\n1 3 5 11 10\n9 2 99 4 8\n9 4 18 4 2\n19 4 33 15 5\n34 32 76 45 17\n38 30 52 30 3\n49 1 77 1 15\n2 21 75 40 2\n18 2 73 7 17\n14 12 16 37 14\n53 16 54 38 19\n1 1 1 27 15\n35 23 88 37 4\n1 3 8 13 19\n72 35 76 40 18\n5 4 7 5 19\n", 
        "score": 2, 
        "id": "23", 
        "output": "11"
    }, 
    {
        "input": "24 85 17\n7 44 8 78 16\n3 49 8 83 3\n2 5 3 21 13\n16 45 23 82 15\n9 1 12 3 15\n3 11 3 39 12\n1 27 18 28 7\n2 2 16 62 15\n22 11 22 37 3\n1 31 2 65 10\n5 27 6 27 1\n3 11 10 51 6\n6 3 10 5 3\n17 34 18 40 15\n3 11 13 83 4\n11 4 16 15 5\n1 57 8 67 2\n", 
        "score": 2, 
        "id": "24", 
        "output": "8"
    }, 
    {
        "input": "37 85 3\n12 44 35 78 3\n11 49 36 83 2\n32 5 36 21 3\n", 
        "score": 2, 
        "id": "25", 
        "output": "3"
    }, 
    {
        "input": "7 51 19\n1 6 2 10 11\n3 9 4 49 8\n2 5 3 21 2\n1 5 1 31 10\n1 4 4 37 8\n3 3 6 5 2\n1 27 6 28 5\n2 3 3 11 17\n2 11 2 37 3\n3 12 4 48 15\n3 25 4 44 2\n3 11 3 51 17\n1 25 3 39 14\n5 34 6 40 19\n4 32 6 49 15\n3 4 3 15 4\n1 11 1 16 19\n4 3 5 3 18\n1 31 6 33 19\n", 
        "score": 2, 
        "id": "26", 
        "output": "11"
    }, 
    {
        "input": "62 10 8\n5 4 42 8 2\n37 1 50 3 6\n48 1 61 1 4\n14 3 37 7 1\n9 6 12 8 7\n3 4 3 4 8\n19 1 44 3 6\n38 3 54 7 3\n", 
        "score": 2, 
        "id": "27", 
        "output": "8"
    }, 
    {
        "input": "49 57 11\n7 4 16 4 2\n1 18 11 31 2\n8 5 10 21 8\n21 11 22 37 1\n1 10 4 28 5\n15 4 48 8 11\n1 11 6 37 8\n1 17 31 35 11\n1 4 9 4 1\n23 12 46 48 7\n38 16 39 47 8\n", 
        "score": 2, 
        "id": "28", 
        "output": "7"
    }, 
    {
        "input": "74 10 1\n71 4 72 8 1\n", 
        "score": 2, 
        "id": "29", 
        "output": "2"
    }, 
    {
        "input": "37 25 8\n12 2 35 3 2\n11 16 36 18 6\n32 12 36 16 4\n1 1 3 2 1\n9 16 30 18 7\n6 20 7 24 8\n15 23 28 23 6\n2 3 8 7 3\n", 
        "score": 2, 
        "id": "30", 
        "output": "8"
    }, 
    {
        "input": "95 55 12\n11 8 79 18 6\n23 16 66 18 2\n56 2 78 6 12\n31 3 87 22 5\n6 10 87 28 3\n9 4 51 44 8\n28 4 45 33 6\n2 38 63 42 11\n14 3 20 27 9\n3 6 3 10 7\n71 16 74 47 9\n51 5 54 6 2\n", 
        "score": 2, 
        "id": "31", 
        "output": "10"
    }, 
    {
        "input": "96 76 6\n7 20 8 42 6\n11 58 32 69 2\n5 40 27 59 6\n67 23 71 75 5\n9 10 60 28 3\n27 4 27 8 2\n", 
        "score": 2, 
        "id": "32", 
        "output": "5"
    }, 
    {
        "input": "10 56 14\n3 6 4 10 2\n5 25 6 45 4\n2 5 3 35 14\n4 41 7 51 3\n1 46 2 48 3\n1 16 1 28 6\n3 10 10 39 4\n2 1 8 1 3\n4 6 10 6 7\n7 21 8 45 9\n3 9 4 36 9\n3 4 4 19 4\n4 3 6 5 11\n5 12 6 26 8\n", 
        "score": 2, 
        "id": "33", 
        "output": "9"
    }, 
    {
        "input": "22 47 19\n17 4 18 19 11\n11 2 16 4 8\n5 35 9 45 2\n1 3 5 22 10\n9 13 22 19 8\n6 2 7 18 2\n19 7 22 12 5\n4 2 10 10 17\n6 8 8 28 3\n5 5 22 29 15\n7 1 20 2 2\n15 19 18 46 17\n14 4 16 33 14\n7 12 10 26 19\n1 2 1 16 15\n13 4 22 40 4\n1 10 8 11 19\n1 6 21 17 18\n5 9 7 40 19\n", 
        "score": 2, 
        "id": "34", 
        "output": "9"
    }, 
    {
        "input": "97 19 20\n5 4 47 4 14\n2 10 9 12 2\n32 2 51 2 4\n67 17 71 18 17\n35 7 46 9 3\n16 4 61 8 16\n22 13 69 18 10\n21 4 59 16 3\n34 4 60 4 5\n69 6 69 10 11\n55 9 56 9 17\n3 2 3 5 2\n28 1 49 3 17\n55 5 77 9 18\n16 5 39 11 15\n3 2 72 2 11\n54 10 89 11 9\n34 15 90 15 20\n1 4 4 5 20\n3 1 32 6 20\n", 
        "score": 2, 
        "id": "35", 
        "output": "12"
    }, 
    {
        "input": "86 56 2\n7 6 10 10 2\n65 25 78 45 2\n", 
        "score": 2, 
        "id": "36", 
        "output": "2"
    }, 
    {
        "input": "53 88 13\n40 8 49 18 2\n11 19 48 29 8\n36 18 43 83 13\n1 3 15 11 12\n5 70 37 72 4\n13 4 14 44 5\n31 4 37 55 6\n9 5 35 9 12\n25 2 39 38 5\n19 3 26 21 3\n2 9 45 36 3\n5 81 7 83 11\n16 3 26 5 2\n", 
        "score": 2, 
        "id": "37", 
        "output": "10"
    }, 
    {
        "input": "6 75 2\n1 20 2 28 2\n1 10 2 43 2\n", 
        "score": 2, 
        "id": "38", 
        "output": "2"
    }, 
    {
        "input": "70 38 8\n11 4 44 4 2\n15 18 46 31 6\n2 5 3 21 4\n46 11 57 37 1\n9 10 32 28 7\n25 4 41 8 8\n3 11 20 37 6\n34 17 38 35 3\n", 
        "score": 2, 
        "id": "39", 
        "output": "8"
    }, 
    {
        "input": "84 16 15\n11 6 44 10 9\n11 2 32 13 2\n2 2 3 3 9\n67 2 71 3 2\n9 6 60 8 3\n27 4 27 4 11\n1 6 6 7 15\n50 5 52 9 8\n26 6 58 6 15\n29 1 74 5 1\n11 9 18 12 12\n3 2 10 3 2\n6 12 10 13 12\n5 2 6 2 3\n3 1 13 15 15\n", 
        "score": 2, 
        "id": "40", 
        "output": "9"
    }, 
    {
        "input": "4 70 3\n3 4 4 38 3\n3 1 4 3 2\n2 5 3 21 3\n", 
        "score": 2, 
        "id": "41", 
        "output": "3"
    }, 
    {
        "input": "73 18 7\n67 6 68 10 2\n3 2 4 13 4\n68 5 72 15 7\n25 1 42 1 3\n9 14 33 16 3\n27 2 36 14 6\n63 1 67 1 4\n", 
        "score": 2, 
        "id": "42", 
        "output": "6"
    }, 
    {
        "input": "63 43 1\n1 4 2 16 1\n", 
        "score": 2, 
        "id": "43", 
        "output": "2"
    }, 
    {
        "input": "39 84 1\n5 6 14 10 1\n", 
        "score": 2, 
        "id": "44", 
        "output": "2"
    }, 
    {
        "input": "92 29 2\n11 4 12 4 2\n11 25 24 25 2\n", 
        "score": 2, 
        "id": "45", 
        "output": "2"
    }, 
    {
        "input": "45 33 4\n10 6 29 7 2\n13 2 26 7 2\n8 2 33 6 4\n29 3 32 22 1\n", 
        "score": 2, 
        "id": "46", 
        "output": "4"
    }, 
    {
        "input": "64 72 8\n7 6 40 10 2\n11 2 64 13 6\n29 20 59 51 4\n4 6 7 19 1\n1 14 28 16 7\n27 32 27 68 8\n3 4 10 55 6\n2 5 56 17 3\n", 
        "score": 2, 
        "id": "47", 
        "output": "6"
    }, 
    {
        "input": "87 4 18\n35 2 38 2 6\n39 1 62 1 2\n14 2 18 3 6\n22 2 53 3 11\n9 2 66 4 9\n9 4 18 4 2\n43 1 57 3 6\n8 1 22 1 17\n44 2 55 2 15\n4 1 17 1 13\n41 1 87 4 9\n47 2 49 3 14\n52 1 61 1 3\n2 2 15 2 12\n1 1 37 3 3\n10 1 73 1 15\n1 1 2 1 15\n14 3 22 4 2\n", 
        "score": 2, 
        "id": "48", 
        "output": "6"
    }, 
    {
        "input": "3 29 20\n1 4 2 4 14\n1 25 2 25 2\n2 12 3 14 4\n1 11 2 26 17\n3 10 3 15 3\n3 2 3 2 16\n1 10 3 13 10\n1 2 1 6 3\n1 20 1 25 5\n1 3 2 21 11\n2 1 3 10 17\n1 1 1 1 2\n1 4 1 19 17\n2 1 3 1 18\n1 10 1 24 15\n1 7 1 27 11\n1 18 2 27 9\n1 5 1 25 20\n1 17 1 23 20\n1 1 2 1 20\n", 
        "score": 2, 
        "id": "49", 
        "output": "8"
    }, 
    {
        "input": "57 65 10\n37 4 41 38 4\n17 10 47 43 2\n20 1 21 1 4\n10 11 11 37 7\n9 19 30 43 3\n9 4 51 4 6\n28 27 45 28 10\n19 4 25 32 3\n1 7 1 17 5\n7 36 41 40 1\n", 
        "score": 2, 
        "id": "50", 
        "output": "9"
    }
]