[
    {
        "input": "8533 8\n", 
        "score": 2, 
        "id": "1", 
        "output": "0\n"
    }, 
    {
        "input": "7788 3\n", 
        "score": 2, 
        "id": "2", 
        "output": "1\n"
    }, 
    {
        "input": "8739 10\n", 
        "score": 2, 
        "id": "3", 
        "output": "0\n"
    }, 
    {
        "input": "4460 10\n", 
        "score": 2, 
        "id": "4", 
        "output": "1\n"
    }, 
    {
        "input": "782 3\n", 
        "score": 2, 
        "id": "5", 
        "output": "0\n"
    }, 
    {
        "input": "3108 2\n", 
        "score": 2, 
        "id": "6", 
        "output": "2\n"
    }, 
    {
        "input": "7797 9\n", 
        "score": 2, 
        "id": "7", 
        "output": "0\n"
    }, 
    {
        "input": "7943 2\n", 
        "score": 2, 
        "id": "8", 
        "output": "0\n"
    }, 
    {
        "input": "566 8\n", 
        "score": 2, 
        "id": "9", 
        "output": "0\n"
    }, 
    {
        "input": "4695 9\n", 
        "score": 2, 
        "id": "10", 
        "output": "0\n"
    }, 
    {
        "input": "6882 10\n", 
        "score": 2, 
        "id": "11", 
        "output": "0\n"
    }, 
    {
        "input": "4609 5\n", 
        "score": 2, 
        "id": "12", 
        "output": "0\n"
    }, 
    {
        "input": "4963 5\n", 
        "score": 2, 
        "id": "13", 
        "output": "0\n"
    }, 
    {
        "input": "463 3\n", 
        "score": 2, 
        "id": "14", 
        "output": "0\n"
    }, 
    {
        "input": "7981 3\n", 
        "score": 2, 
        "id": "15", 
        "output": "0\n"
    }, 
    {
        "input": "6419 2\n", 
        "score": 2, 
        "id": "16", 
        "output": "0\n"
    }, 
    {
        "input": "1499 3\n", 
        "score": 2, 
        "id": "17", 
        "output": "0\n"
    }, 
    {
        "input": "6343 8\n", 
        "score": 2, 
        "id": "18", 
        "output": "0\n"
    }, 
    {
        "input": "8066 10\n", 
        "score": 2, 
        "id": "19", 
        "output": "0\n"
    }, 
    {
        "input": "4371 2\n", 
        "score": 2, 
        "id": "20", 
        "output": "0\n"
    }, 
    {
        "input": "6755 10\n", 
        "score": 2, 
        "id": "21", 
        "output": "0\n"
    }, 
    {
        "input": "690 8\n", 
        "score": 2, 
        "id": "22", 
        "output": "0\n"
    }, 
    {
        "input": "2618 8\n", 
        "score": 2, 
        "id": "23", 
        "output": "0\n"
    }, 
    {
        "input": "2859 4\n", 
        "score": 2, 
        "id": "24", 
        "output": "0\n"
    }, 
    {
        "input": "7870 5\n", 
        "score": 2, 
        "id": "25", 
        "output": "1\n"
    }, 
    {
        "input": "1160 5\n", 
        "score": 2, 
        "id": "26", 
        "output": "1\n"
    }, 
    {
        "input": "3205 7\n", 
        "score": 2, 
        "id": "27", 
        "output": "0\n"
    }, 
    {
        "input": "2081 4\n", 
        "score": 2, 
        "id": "28", 
        "output": "0\n"
    }, 
    {
        "input": "4926 7\n", 
        "score": 2, 
        "id": "29", 
        "output": "0\n"
    }, 
    {
        "input": "6563 4\n", 
        "score": 2, 
        "id": "30", 
        "output": "0\n"
    }, 
    {
        "input": "2772 8\n", 
        "score": 2, 
        "id": "31", 
        "output": "0\n"
    }, 
    {
        "input": "6985 2\n", 
        "score": 2, 
        "id": "32", 
        "output": "0\n"
    }, 
    {
        "input": "2553 4\n", 
        "score": 2, 
        "id": "33", 
        "output": "0\n"
    }, 
    {
        "input": "3892 10\n", 
        "score": 2, 
        "id": "34", 
        "output": "0\n"
    }, 
    {
        "input": "1079 6\n", 
        "score": 2, 
        "id": "35", 
        "output": "0\n"
    }, 
    {
        "input": "8991 4\n", 
        "score": 2, 
        "id": "36", 
        "output": "0\n"
    }, 
    {
        "input": "5402 6\n", 
        "score": 2, 
        "id": "37", 
        "output": "0\n"
    }, 
    {
        "input": "7792 2\n", 
        "score": 2, 
        "id": "38", 
        "output": "4\n"
    }, 
    {
        "input": "3328 7\n", 
        "score": 2, 
        "id": "39", 
        "output": "0\n"
    }, 
    {
        "input": "6137 6\n", 
        "score": 2, 
        "id": "40", 
        "output": "0\n"
    }, 
    {
        "input": "4389 10\n", 
        "score": 2, 
        "id": "41", 
        "output": "0\n"
    }, 
    {
        "input": "1937 9\n", 
        "score": 2, 
        "id": "42", 
        "output": "0\n"
    }, 
    {
        "input": "4701 10\n", 
        "score": 2, 
        "id": "43", 
        "output": "0\n"
    }, 
    {
        "input": "3047 8\n", 
        "score": 2, 
        "id": "44", 
        "output": "0\n"
    }, 
    {
        "input": "8004 3\n", 
        "score": 2, 
        "id": "45", 
        "output": "1\n"
    }, 
    {
        "input": "4915 7\n", 
        "score": 2, 
        "id": "46", 
        "output": "0\n"
    }, 
    {
        "input": "8202 6\n", 
        "score": 2, 
        "id": "47", 
        "output": "1\n"
    }, 
    {
        "input": "1411 3\n", 
        "score": 2, 
        "id": "48", 
        "output": "0\n"
    }, 
    {
        "input": "5430 6\n", 
        "score": 2, 
        "id": "49", 
        "output": "1\n"
    }, 
    {
        "input": "6579 2\n", 
        "score": 2, 
        "id": "50", 
        "output": "0\n"
    }
]